	URL
0	https://rever.vn/s/ho-chi-minh/mua?page=128&search_mode=1
1	https://rever.vn/s/ho-chi-minh/mua?page=170&search_mode=1
2	https://rever.vn/s/ho-chi-minh/mua?page=335&search_mode=1
3	https://rever.vn/s/ho-chi-minh/mua?page=351&search_mode=1
4	https://rever.vn/s/ho-chi-minh/mua?page=251&search_mode=1
5	https://rever.vn/s/ho-chi-minh/mua?page=75&search_mode=1
6	https://rever.vn/s/ho-chi-minh/mua?page=286&search_mode=1
7	https://rever.vn/s/ho-chi-minh/mua?page=15&search_mode=1
8	https://rever.vn/s/ho-chi-minh/mua?page=119&search_mode=1
9	https://rever.vn/s/ho-chi-minh/mua?page=155&search_mode=1
10	https://rever.vn/s/ho-chi-minh/mua?page=36&search_mode=1
11	https://rever.vn/s/ho-chi-minh/mua?page=193&search_mode=1
12	https://rever.vn/s/ho-chi-minh/mua?page=234&search_mode=1
13	https://rever.vn/s/ho-chi-minh/mua?page=235&search_mode=1
14	https://rever.vn/s/ho-chi-minh/mua?page=285&search_mode=1
15	https://rever.vn/s/ho-chi-minh/mua?page=345&search_mode=1
16	https://rever.vn/s/ho-chi-minh/mua?page=141&search_mode=1
17	https://rever.vn/s/ho-chi-minh/mua?page=50&search_mode=1
18	https://rever.vn/s/ho-chi-minh/mua?page=8&search_mode=1
19	https://rever.vn/s/ho-chi-minh/mua?page=78&search_mode=1
20	https://rever.vn/s/ho-chi-minh/mua?page=180&search_mode=1
21	https://rever.vn/s/ho-chi-minh/mua?page=270&search_mode=1
22	https://rever.vn/s/ho-chi-minh/mua?page=138&search_mode=1
23	https://rever.vn/s/ho-chi-minh/mua?page=171&search_mode=1
24	https://rever.vn/s/ho-chi-minh/mua?page=241&search_mode=1
25	https://rever.vn/s/ho-chi-minh/mua?page=182&search_mode=1
26	https://rever.vn/s/ho-chi-minh/mua?page=150&search_mode=1
27	https://rever.vn/s/ho-chi-minh/mua?page=329&search_mode=1
28	https://rever.vn/s/ho-chi-minh/mua?page=145&search_mode=1
29	https://rever.vn/s/ho-chi-minh/mua?page=342&search_mode=1
30	https://rever.vn/s/ho-chi-minh/mua?page=123&search_mode=1
31	https://rever.vn/s/ho-chi-minh/mua?page=103&search_mode=1
32	https://rever.vn/s/ho-chi-minh/mua?page=261&search_mode=1
33	https://rever.vn/s/ho-chi-minh/mua?page=149&search_mode=1
34	https://rever.vn/s/ho-chi-minh/mua?page=72&search_mode=1
35	https://rever.vn/s/ho-chi-minh/mua?page=327&search_mode=1
36	https://rever.vn/s/ho-chi-minh/mua?page=186&search_mode=1
37	https://rever.vn/s/ho-chi-minh/mua?page=225&search_mode=1
38	https://rever.vn/s/ho-chi-minh/mua?page=306&search_mode=1
39	https://rever.vn/s/ho-chi-minh/mua?page=187&search_mode=1
40	https://rever.vn/s/ho-chi-minh/mua?page=224&search_mode=1
41	https://rever.vn/s/ho-chi-minh/mua?page=164&search_mode=1
42	https://rever.vn/s/ho-chi-minh/mua?page=318&search_mode=1
43	https://rever.vn/s/ho-chi-minh/mua?page=233&search_mode=1
44	https://rever.vn/s/ho-chi-minh/mua?page=115&search_mode=1
45	https://rever.vn/s/ho-chi-minh/mua?page=6&search_mode=1
46	https://rever.vn/s/ho-chi-minh/mua?page=305&search_mode=1
47	https://rever.vn/s/ho-chi-minh/mua?page=20&search_mode=1
48	https://rever.vn/s/ho-chi-minh/mua?page=272&search_mode=1
49	https://rever.vn/s/ho-chi-minh/mua?page=189&search_mode=1
50	https://rever.vn/s/ho-chi-minh/mua?page=120&search_mode=1
51	https://rever.vn/s/ho-chi-minh/mua?page=153&search_mode=1
52	https://rever.vn/s/ho-chi-minh/mua?page=353&search_mode=1
53	https://rever.vn/s/ho-chi-minh/mua?page=114&search_mode=1
54	https://rever.vn/s/ho-chi-minh/mua?page=308&search_mode=1
55	https://rever.vn/s/ho-chi-minh/mua?page=35&search_mode=1
56	https://rever.vn/s/ho-chi-minh/mua?page=22&search_mode=1
57	https://rever.vn/s/ho-chi-minh/mua?page=181&search_mode=1
58	https://rever.vn/s/ho-chi-minh/mua?page=185&search_mode=1
59	https://rever.vn/s/ho-chi-minh/mua?page=289&search_mode=1
60	https://rever.vn/s/ho-chi-minh/mua?page=26&search_mode=1
61	https://rever.vn/s/ho-chi-minh/mua?page=288&search_mode=1
62	https://rever.vn/s/ho-chi-minh/mua?page=131&search_mode=1
63	https://rever.vn/s/ho-chi-minh/mua?page=117&search_mode=1
64	https://rever.vn/s/ho-chi-minh/mua?page=290&search_mode=1
65	https://rever.vn/s/ho-chi-minh/mua?page=219&search_mode=1
66	https://rever.vn/s/ho-chi-minh/mua?page=98&search_mode=1
67	https://rever.vn/s/ho-chi-minh/mua?page=68&search_mode=1
68	https://rever.vn/s/ho-chi-minh/mua?page=126&search_mode=1
69	https://rever.vn/s/ho-chi-minh/mua?page=280&search_mode=1
70	https://rever.vn/s/ho-chi-minh/mua?page=142&search_mode=1
71	https://rever.vn/s/ho-chi-minh/mua?page=283&search_mode=1
72	https://rever.vn/s/ho-chi-minh/mua?page=291&search_mode=1
73	https://rever.vn/s/ho-chi-minh/mua?page=64&search_mode=1
74	https://rever.vn/s/ho-chi-minh/mua?page=253&search_mode=1
75	https://rever.vn/s/ho-chi-minh/mua?page=24&search_mode=1
76	https://rever.vn/s/ho-chi-minh/mua?page=314&search_mode=1
77	https://rever.vn/s/ho-chi-minh/mua?page=19&search_mode=1
78	https://rever.vn/s/ho-chi-minh/mua?page=222&search_mode=1
79	https://rever.vn/s/ho-chi-minh/mua?page=57&search_mode=1
80	https://rever.vn/s/ho-chi-minh/mua?page=177&search_mode=1
81	https://rever.vn/s/ho-chi-minh/mua?page=344&search_mode=1
82	https://rever.vn/s/ho-chi-minh/mua?page=256&search_mode=1
83	https://rever.vn/s/ho-chi-minh/mua?page=66&search_mode=1
84	https://rever.vn/s/ho-chi-minh/mua?page=48&search_mode=1
85	https://rever.vn/s/ho-chi-minh/mua?page=160&search_mode=1
86	https://rever.vn/s/ho-chi-minh/mua?page=184&search_mode=1
87	https://rever.vn/s/ho-chi-minh/mua?page=227&search_mode=1
88	https://rever.vn/s/ho-chi-minh/mua?page=258&search_mode=1
89	https://rever.vn/s/ho-chi-minh/mua?page=130&search_mode=1
90	https://rever.vn/s/ho-chi-minh/mua?page=129&search_mode=1
91	https://rever.vn/s/ho-chi-minh/mua?page=239&search_mode=1
92	https://rever.vn/s/ho-chi-minh/mua?page=12&search_mode=1
93	https://rever.vn/s/ho-chi-minh/mua?page=192&search_mode=1
94	https://rever.vn/s/ho-chi-minh/mua?page=49&search_mode=1
95	https://rever.vn/s/ho-chi-minh/mua?page=172&search_mode=1
96	https://rever.vn/s/ho-chi-minh/mua?page=178&search_mode=1
97	https://rever.vn/s/ho-chi-minh/mua?page=158&search_mode=1
98	https://rever.vn/s/ho-chi-minh/mua?page=111&search_mode=1
99	https://rever.vn/s/ho-chi-minh/mua?page=246&search_mode=1
100	https://rever.vn/s/ho-chi-minh/mua?page=274&search_mode=1
101	https://rever.vn/s/ho-chi-minh/mua?page=86&search_mode=1
102	https://rever.vn/s/ho-chi-minh/mua?page=196&search_mode=1
103	https://rever.vn/s/ho-chi-minh/mua?page=17&search_mode=1
104	https://rever.vn/s/ho-chi-minh/mua?page=209&search_mode=1
105	https://rever.vn/s/ho-chi-minh/mua?page=100&search_mode=1
106	https://rever.vn/s/ho-chi-minh/mua?page=67&search_mode=1
107	https://rever.vn/s/ho-chi-minh/mua?page=148&search_mode=1
108	https://rever.vn/s/ho-chi-minh/mua?page=144&search_mode=1
109	https://rever.vn/s/ho-chi-minh/mua?page=96&search_mode=1
110	https://rever.vn/s/ho-chi-minh/mua?page=245&search_mode=1
111	https://rever.vn/s/ho-chi-minh/mua?page=294&search_mode=1
112	https://rever.vn/s/ho-chi-minh/mua?page=99&search_mode=1
113	https://rever.vn/s/ho-chi-minh/mua?page=242&search_mode=1
114	https://rever.vn/s/ho-chi-minh/mua?page=104&search_mode=1
115	https://rever.vn/s/ho-chi-minh/mua?page=228&search_mode=1
116	https://rever.vn/s/ho-chi-minh/mua?page=9&search_mode=1
117	https://rever.vn/s/ho-chi-minh/mua?page=94&search_mode=1
118	https://rever.vn/s/ho-chi-minh/mua?page=55&search_mode=1
119	https://rever.vn/s/ho-chi-minh/mua?page=151&search_mode=1
120	https://rever.vn/s/ho-chi-minh/mua?page=188&search_mode=1
121	https://rever.vn/s/ho-chi-minh/mua?page=319&search_mode=1
122	https://rever.vn/s/ho-chi-minh/mua?page=165&search_mode=1
123	https://rever.vn/s/ho-chi-minh/mua?page=198&search_mode=1
124	https://rever.vn/s/ho-chi-minh/mua?page=339&search_mode=1
125	https://rever.vn/s/ho-chi-minh/mua?page=29&search_mode=1
126	https://rever.vn/s/ho-chi-minh/mua?page=162&search_mode=1
127	https://rever.vn/s/ho-chi-minh/mua?page=325&search_mode=1
128	https://rever.vn/s/ho-chi-minh/mua?page=154&search_mode=1
129	https://rever.vn/s/ho-chi-minh/mua?page=265&search_mode=1
130	https://rever.vn/s/ho-chi-minh/mua?page=248&search_mode=1
131	https://rever.vn/s/ho-chi-minh/mua?page=203&search_mode=1
132	https://rever.vn/s/ho-chi-minh/mua?page=343&search_mode=1
133	https://rever.vn/s/ho-chi-minh/mua?page=237&search_mode=1
134	https://rever.vn/s/ho-chi-minh/mua?page=243&search_mode=1
135	https://rever.vn/s/ho-chi-minh/mua?page=200&search_mode=1
136	https://rever.vn/s/ho-chi-minh/mua?page=275&search_mode=1
137	https://rever.vn/s/ho-chi-minh/mua?page=51&search_mode=1
138	https://rever.vn/s/ho-chi-minh/mua?page=302&search_mode=1
139	https://rever.vn/s/ho-chi-minh/mua?page=135&search_mode=1
140	https://rever.vn/s/ho-chi-minh/mua?page=214&search_mode=1
141	https://rever.vn/s/ho-chi-minh/mua?page=71&search_mode=1
142	https://rever.vn/s/ho-chi-minh/mua?page=83&search_mode=1
143	https://rever.vn/s/ho-chi-minh/mua?page=284&search_mode=1
144	https://rever.vn/s/ho-chi-minh/mua?page=14&search_mode=1
145	https://rever.vn/s/ho-chi-minh/mua?page=92&search_mode=1
146	https://rever.vn/s/ho-chi-minh/mua?page=109&search_mode=1
147	https://rever.vn/s/ho-chi-minh/mua?page=212&search_mode=1
148	https://rever.vn/s/ho-chi-minh/mua?page=77&search_mode=1
149	https://rever.vn/s/ho-chi-minh/mua?page=331&search_mode=1
150	https://rever.vn/s/ho-chi-minh/mua?page=190&search_mode=1
151	https://rever.vn/s/ho-chi-minh/mua?page=195&search_mode=1
152	https://rever.vn/s/ho-chi-minh/mua?page=247&search_mode=1
153	https://rever.vn/s/ho-chi-minh/mua?page=341&search_mode=1
154	https://rever.vn/s/ho-chi-minh/mua?page=37&search_mode=1
155	https://rever.vn/s/ho-chi-minh/mua?page=296&search_mode=1
156	https://rever.vn/s/ho-chi-minh/mua?page=4&search_mode=1
157	https://rever.vn/s/ho-chi-minh/mua?page=273&search_mode=1
158	https://rever.vn/s/ho-chi-minh/mua?page=336&search_mode=1
159	https://rever.vn/s/ho-chi-minh/mua?page=320&search_mode=1
160	https://rever.vn/s/ho-chi-minh/mua?page=244&search_mode=1
161	https://rever.vn/s/ho-chi-minh/mua?page=223&search_mode=1
162	https://rever.vn/s/ho-chi-minh/mua?page=255&search_mode=1
163	https://rever.vn/s/ho-chi-minh/mua?page=175&search_mode=1
164	https://rever.vn/s/ho-chi-minh/mua?page=215&search_mode=1
165	https://rever.vn/s/ho-chi-minh/mua?page=207&search_mode=1
166	https://rever.vn/s/ho-chi-minh/mua?page=27&search_mode=1
167	https://rever.vn/s/ho-chi-minh/mua?page=221&search_mode=1
168	https://rever.vn/s/ho-chi-minh/mua?page=143&search_mode=1
169	https://rever.vn/s/ho-chi-minh/mua?page=132&search_mode=1
170	https://rever.vn/s/ho-chi-minh/mua?page=287&search_mode=1
171	https://rever.vn/s/ho-chi-minh/mua?page=54&search_mode=1
172	https://rever.vn/s/ho-chi-minh/mua?page=106&search_mode=1
173	https://rever.vn/s/ho-chi-minh/mua?page=350&search_mode=1
174	https://rever.vn/s/ho-chi-minh/mua?page=268&search_mode=1
175	https://rever.vn/s/ho-chi-minh/mua?page=45&search_mode=1
176	https://rever.vn/s/ho-chi-minh/mua?page=21&search_mode=1
177	https://rever.vn/s/ho-chi-minh/mua?page=232&search_mode=1
178	https://rever.vn/s/ho-chi-minh/mua?page=191&search_mode=1
179	https://rever.vn/s/ho-chi-minh/mua?page=173&search_mode=1
180	https://rever.vn/s/ho-chi-minh/mua?page=82&search_mode=1
181	https://rever.vn/s/ho-chi-minh/mua?page=101&search_mode=1
182	https://rever.vn/s/ho-chi-minh/mua?page=282&search_mode=1
183	https://rever.vn/s/ho-chi-minh/mua?page=330&search_mode=1
184	https://rever.vn/s/ho-chi-minh/mua?page=74&search_mode=1
185	https://rever.vn/s/ho-chi-minh/mua?page=146&search_mode=1
186	https://rever.vn/s/ho-chi-minh/mua?page=249&search_mode=1
187	https://rever.vn/s/ho-chi-minh/mua?page=102&search_mode=1
188	https://rever.vn/s/ho-chi-minh/mua?page=116&search_mode=1
189	https://rever.vn/s/ho-chi-minh/mua?page=179&search_mode=1
190	https://rever.vn/s/ho-chi-minh/mua?page=217&search_mode=1
191	https://rever.vn/s/ho-chi-minh/mua?page=69&search_mode=1
192	https://rever.vn/s/ho-chi-minh/mua?page=206&search_mode=1
193	https://rever.vn/s/ho-chi-minh/mua?page=337&search_mode=1
194	https://rever.vn/s/ho-chi-minh/mua?page=312&search_mode=1
195	https://rever.vn/s/ho-chi-minh/mua?page=118&search_mode=1
196	https://rever.vn/s/ho-chi-minh/mua?page=112&search_mode=1
197	https://rever.vn/s/ho-chi-minh/mua?page=5&search_mode=1
198	https://rever.vn/s/ho-chi-minh/mua?page=349&search_mode=1
199	https://rever.vn/s/ho-chi-minh/mua?page=169&search_mode=1
200	https://rever.vn/s/ho-chi-minh/mua?page=334&search_mode=1
201	https://rever.vn/s/ho-chi-minh/mua?page=304&search_mode=1
202	https://rever.vn/s/ho-chi-minh/mua?page=159&search_mode=1
203	https://rever.vn/s/ho-chi-minh/mua?page=201&search_mode=1
204	https://rever.vn/s/ho-chi-minh/mua?page=183&search_mode=1
205	https://rever.vn/s/ho-chi-minh/mua?page=167&search_mode=1
206	https://rever.vn/s/ho-chi-minh/mua?page=105&search_mode=1
207	https://rever.vn/s/ho-chi-minh/mua?page=230&search_mode=1
208	https://rever.vn/s/ho-chi-minh/mua?page=73&search_mode=1
209	https://rever.vn/s/ho-chi-minh/mua?page=58&search_mode=1
210	https://rever.vn/s/ho-chi-minh/mua?page=42&search_mode=1
211	https://rever.vn/s/ho-chi-minh/mua?page=125&search_mode=1
212	https://rever.vn/s/ho-chi-minh/mua?page=315&search_mode=1
213	https://rever.vn/s/ho-chi-minh/mua?page=59&search_mode=1
214	https://rever.vn/s/ho-chi-minh/mua?page=211&search_mode=1
215	https://rever.vn/s/ho-chi-minh/mua?page=95&search_mode=1
216	https://rever.vn/s/ho-chi-minh/mua?page=252&search_mode=1
217	https://rever.vn/s/ho-chi-minh/mua?page=47&search_mode=1
218	https://rever.vn/s/ho-chi-minh/mua?page=3&search_mode=1
219	https://rever.vn/s/ho-chi-minh/mua?page=127&search_mode=1
220	https://rever.vn/s/ho-chi-minh/mua?page=271&search_mode=1
221	https://rever.vn/s/ho-chi-minh/mua?page=157&search_mode=1
222	https://rever.vn/s/ho-chi-minh/mua?page=194&search_mode=1
223	https://rever.vn/s/ho-chi-minh/mua?page=76&search_mode=1
224	https://rever.vn/s/ho-chi-minh/mua?page=267&search_mode=1
225	https://rever.vn/s/ho-chi-minh/mua?page=213&search_mode=1
226	https://rever.vn/s/ho-chi-minh/mua?page=229&search_mode=1
227	https://rever.vn/s/ho-chi-minh/mua?page=107&search_mode=1
228	https://rever.vn/s/ho-chi-minh/mua?page=240&search_mode=1
229	https://rever.vn/s/ho-chi-minh/mua?page=113&search_mode=1
230	https://rever.vn/s/ho-chi-minh/mua?page=176&search_mode=1
231	https://rever.vn/s/ho-chi-minh/mua?page=262&search_mode=1
232	https://rever.vn/s/ho-chi-minh/mua?page=348&search_mode=1
233	https://rever.vn/s/ho-chi-minh/mua?page=278&search_mode=1
234	https://rever.vn/s/ho-chi-minh/mua?page=293&search_mode=1
235	https://rever.vn/s/ho-chi-minh/mua?page=139&search_mode=1
236	https://rever.vn/s/ho-chi-minh/mua?page=218&search_mode=1
237	https://rever.vn/s/ho-chi-minh/mua?page=134&search_mode=1
238	https://rever.vn/s/ho-chi-minh/mua?page=299&search_mode=1
239	https://rever.vn/s/ho-chi-minh/mua?page=121&search_mode=1
240	https://rever.vn/s/ho-chi-minh/mua?page=168&search_mode=1
241	https://rever.vn/s/ho-chi-minh/mua?page=174&search_mode=1
242	https://rever.vn/s/ho-chi-minh/mua?page=281&search_mode=1
243	https://rever.vn/s/ho-chi-minh/mua?page=301&search_mode=1
244	https://rever.vn/s/ho-chi-minh/mua?page=205&search_mode=1
245	https://rever.vn/s/ho-chi-minh/mua?page=307&search_mode=1
246	https://rever.vn/s/ho-chi-minh/mua?page=199&search_mode=1
247	https://rever.vn/s/ho-chi-minh/mua?page=279&search_mode=1
248	https://rever.vn/s/ho-chi-minh/mua?page=163&search_mode=1
249	https://rever.vn/s/ho-chi-minh/mua?page=309&search_mode=1
250	https://rever.vn/s/ho-chi-minh/mua?page=93&search_mode=1
251	https://rever.vn/s/ho-chi-minh/mua?page=43&search_mode=1
252	https://rever.vn/s/ho-chi-minh/mua?page=297&search_mode=1
253	https://rever.vn/s/ho-chi-minh/mua?page=124&search_mode=1
254	https://rever.vn/s/ho-chi-minh/mua?page=269&search_mode=1
255	https://rever.vn/s/ho-chi-minh/mua?page=1&search_mode=1
256	https://rever.vn/s/ho-chi-minh/mua?page=317&search_mode=1
257	https://rever.vn/s/ho-chi-minh/mua?page=257&search_mode=1
258	https://rever.vn/s/ho-chi-minh/mua?page=23&search_mode=1
259	https://rever.vn/s/ho-chi-minh/mua?page=41&search_mode=1
260	https://rever.vn/s/ho-chi-minh/mua?page=81&search_mode=1
261	https://rever.vn/s/ho-chi-minh/mua?page=292&search_mode=1
262	https://rever.vn/s/ho-chi-minh/mua?page=166&search_mode=1
263	https://rever.vn/s/ho-chi-minh/mua?page=7&search_mode=1
264	https://rever.vn/s/ho-chi-minh/mua?page=34&search_mode=1
265	https://rever.vn/s/ho-chi-minh/mua?page=16&search_mode=1
266	https://rever.vn/s/ho-chi-minh/mua?page=259&search_mode=1
267	https://rever.vn/s/ho-chi-minh/mua?page=156&search_mode=1
268	https://rever.vn/s/ho-chi-minh/mua?page=216&search_mode=1
269	https://rever.vn/s/ho-chi-minh/mua?page=321&search_mode=1
270	https://rever.vn/s/ho-chi-minh/mua?page=161&search_mode=1
271	https://rever.vn/s/ho-chi-minh/mua?page=147&search_mode=1
272	https://rever.vn/s/ho-chi-minh/mua?page=220&search_mode=1
273	https://rever.vn/s/ho-chi-minh/mua?page=300&search_mode=1
274	https://rever.vn/s/ho-chi-minh/mua?page=276&search_mode=1
275	https://rever.vn/s/ho-chi-minh/mua?page=346&search_mode=1
276	https://rever.vn/s/ho-chi-minh/mua?page=238&search_mode=1
277	https://rever.vn/s/ho-chi-minh/mua?page=52&search_mode=1
278	https://rever.vn/s/ho-chi-minh/mua?page=88&search_mode=1
279	https://rever.vn/s/ho-chi-minh/mua?page=10&search_mode=1
280	https://rever.vn/s/ho-chi-minh/mua?page=11&search_mode=1
281	https://rever.vn/s/ho-chi-minh/mua?page=140&search_mode=1
282	https://rever.vn/s/ho-chi-minh/mua?page=91&search_mode=1
283	https://rever.vn/s/ho-chi-minh/mua?page=152&search_mode=1
284	https://rever.vn/s/ho-chi-minh/mua?page=60&search_mode=1
285	https://rever.vn/s/ho-chi-minh/mua?page=33&search_mode=1
286	https://rever.vn/s/ho-chi-minh/mua?page=236&search_mode=1
287	https://rever.vn/s/ho-chi-minh/mua?page=44&search_mode=1
288	https://rever.vn/s/ho-chi-minh/mua?page=61&search_mode=1
289	https://rever.vn/s/ho-chi-minh/mua?page=32&search_mode=1
290	https://rever.vn/s/ho-chi-minh/mua?page=254&search_mode=1
291	https://rever.vn/s/ho-chi-minh/mua?page=46&search_mode=1
292	https://rever.vn/s/ho-chi-minh/mua?page=25&search_mode=1
293	https://rever.vn/s/ho-chi-minh/mua?page=208&search_mode=1
294	https://rever.vn/s/ho-chi-minh/mua?page=324&search_mode=1
295	https://rever.vn/s/ho-chi-minh/mua?page=85&search_mode=1
296	https://rever.vn/s/ho-chi-minh/mua?page=89&search_mode=1
297	https://rever.vn/s/ho-chi-minh/mua?page=264&search_mode=1
298	https://rever.vn/s/ho-chi-minh/mua?page=313&search_mode=1
299	https://rever.vn/s/ho-chi-minh/mua?page=323&search_mode=1
300	https://rever.vn/s/ho-chi-minh/mua?page=136&search_mode=1
301	https://rever.vn/s/ho-chi-minh/mua?page=56&search_mode=1
302	https://rever.vn/s/ho-chi-minh/mua?page=62&search_mode=1
303	https://rever.vn/s/ho-chi-minh/mua?page=110&search_mode=1
304	https://rever.vn/s/ho-chi-minh/mua?page=277&search_mode=1
305	https://rever.vn/s/ho-chi-minh/mua?page=316&search_mode=1
306	https://rever.vn/s/ho-chi-minh/mua?page=30&search_mode=1
307	https://rever.vn/s/ho-chi-minh/mua?page=53&search_mode=1
308	https://rever.vn/s/ho-chi-minh/mua?page=84&search_mode=1
309	https://rever.vn/s/ho-chi-minh/mua?page=333&search_mode=1
310	https://rever.vn/s/ho-chi-minh/mua?page=352&search_mode=1
311	https://rever.vn/s/ho-chi-minh/mua?page=63&search_mode=1
312	https://rever.vn/s/ho-chi-minh/mua?page=204&search_mode=1
313	https://rever.vn/s/ho-chi-minh/mua?page=250&search_mode=1
314	https://rever.vn/s/ho-chi-minh/mua?page=210&search_mode=1
315	https://rever.vn/s/ho-chi-minh/mua?page=70&search_mode=1
316	https://rever.vn/s/ho-chi-minh/mua?page=80&search_mode=1
317	https://rever.vn/s/ho-chi-minh/mua?page=326&search_mode=1
318	https://rever.vn/s/ho-chi-minh/mua?page=65&search_mode=1
319	https://rever.vn/s/ho-chi-minh/mua?page=13&search_mode=1
320	https://rever.vn/s/ho-chi-minh/mua?page=79&search_mode=1
321	https://rever.vn/s/ho-chi-minh/mua?page=303&search_mode=1
322	https://rever.vn/s/ho-chi-minh/mua?page=202&search_mode=1
323	https://rever.vn/s/ho-chi-minh/mua?page=38&search_mode=1
324	https://rever.vn/s/ho-chi-minh/mua?page=266&search_mode=1
325	https://rever.vn/s/ho-chi-minh/mua?page=40&search_mode=1
326	https://rever.vn/s/ho-chi-minh/mua?page=260&search_mode=1
327	https://rever.vn/s/ho-chi-minh/mua?page=2&search_mode=1
328	https://rever.vn/s/ho-chi-minh/mua?page=328&search_mode=1
329	https://rever.vn/s/ho-chi-minh/mua?page=18&search_mode=1
330	https://rever.vn/s/ho-chi-minh/mua?page=90&search_mode=1
331	https://rever.vn/s/ho-chi-minh/mua?page=133&search_mode=1
332	https://rever.vn/s/ho-chi-minh/mua?page=332&search_mode=1
333	https://rever.vn/s/ho-chi-minh/mua?page=122&search_mode=1
334	https://rever.vn/s/ho-chi-minh/mua?page=310&search_mode=1
335	https://rever.vn/s/ho-chi-minh/mua?page=87&search_mode=1
336	https://rever.vn/s/ho-chi-minh/mua?page=295&search_mode=1
337	https://rever.vn/s/ho-chi-minh/mua?page=226&search_mode=1
338	https://rever.vn/s/ho-chi-minh/mua?page=231&search_mode=1
339	https://rever.vn/s/ho-chi-minh/mua?page=263&search_mode=1
340	https://rever.vn/s/ho-chi-minh/mua?page=311&search_mode=1
341	https://rever.vn/s/ho-chi-minh/mua?page=322&search_mode=1
342	https://rever.vn/s/ho-chi-minh/mua?page=340&search_mode=1
343	https://rever.vn/s/ho-chi-minh/mua?page=39&search_mode=1
344	https://rever.vn/s/ho-chi-minh/mua?page=108&search_mode=1
345	https://rever.vn/s/ho-chi-minh/mua?page=28&search_mode=1
346	https://rever.vn/s/ho-chi-minh/mua?page=298&search_mode=1
347	https://rever.vn/s/ho-chi-minh/mua?page=347&search_mode=1
348	https://rever.vn/s/ho-chi-minh/mua?page=31&search_mode=1
349	https://rever.vn/s/ho-chi-minh/mua?page=197&search_mode=1
350	https://rever.vn/s/ho-chi-minh/mua?page=97&search_mode=1
351	https://rever.vn/s/ho-chi-minh/mua?page=338&search_mode=1
352	https://rever.vn/s/ho-chi-minh/mua?page=137&search_mode=1
